iter	RMSE
0	1.761493625
50	1.674712623
100	1.609694768
150	1.557298456
200	1.516733179
250	1.482738498
300	1.454543571
350	1.429605605
400	1.407815715
450	1.391178326
499	1.37516648
