iter	RMSE
0	1.761493625
50	1.674712623
100	1.609694768
150	1.557298456
200	1.516733179
250	1.482738498
